Segment,Customers,AvgRecency,AvgFrequency,AvgMonetary,TotalRevenue,AvgOrderValue,RevenueSharePct,CustomerSharePct
VIP Loyalists,736,12.19836956521739,11.942934782608695,5366.684896331522,3949880.0837000003,36.212734907205984,0.5695218821256085,0.16966343937298295
Core Customers,1173,71.01278772378517,4.067348678601875,1700.9473999147485,1995211.3001,32.39680302667772,0.28768379565761504,0.27040110650069155
At-Risk Customers,1591,184.23192960402264,1.3186675047140164,342.2716913890635,544554.261,28.83241404036113,0.07851771726541235,0.3667588750576302
Promising New Customers,838,19.13365155131265,2.0656324582338903,531.9642004773269,445786.0,21.15610671606544,0.06427660495136425,0.19317657906869526
